{"config": {"pkg": "./swaptions-pthreads", "execdate": "14-06-2022_21:25:37", "command": "pascalanalyzer -c 1:32 --ipts -ns 32 -sm 10000 -nt __nt__,-ns 64 -sm 20000 -nt __nt__,-ns 96 -sm 40000 -nt __nt__,-ns 128 -sm 1000000 -nt __nt__ ./swaptions-pthreads -o swaptions-pthreads.json", "hostname": "service0", "kernel": "Linux-4.4.250-x86_64-with-centos-6.5-Final", "disable_hyperthread": false, "auto_instrumentation": false, "idle_time": 0, "data_descriptor": {"values": ["start_time", "stop_time"], "keys": ["cores", "input", "repetitions"]}, "disable_cores": false, "discard_ompnt": true, "arguments": ["-ns 32 -sm 10000 -nt __nt__", "-ns 96 -sm 40000 -nt __nt__", "-ns 128 -sm 1000000 -nt __nt__", "-ns 64 -sm 20000 -nt __nt__"]}, "data": {"32;0;1": {"start_time": 1655252737.8810353, "stop_time": 1655252738.2079191}, "32;1;1": {"start_time": 1655252738.209343, "stop_time": 1655252738.7363145}, "32;2;1": {"start_time": 1655252738.7377076, "stop_time": 1655252739.6423478}, "32;3;1": {"start_time": 1655252739.6437385, "stop_time": 1655252760.0861413}, "31;0;1": {"start_time": 1655252760.0875385, "stop_time": 1655252760.3718095}, "31;1;1": {"start_time": 1655252760.3731294, "stop_time": 1655252760.8163328}, "31;2;1": {"start_time": 1655252760.8179557, "stop_time": 1655252761.8726475}, "31;3;1": {"start_time": 1655252761.8739676, "stop_time": 1655252783.4260445}, "30;0;1": {"start_time": 1655252783.4273825, "stop_time": 1655252783.6185338}, "30;1;1": {"start_time": 1655252783.6198251, "stop_time": 1655252784.5560317}, "30;2;1": {"start_time": 1655252784.5573013, "stop_time": 1655252785.6596076}, "30;3;1": {"start_time": 1655252785.6609428, "stop_time": 1655252806.4677608}, "29;0;1": {"start_time": 1655252806.4693203, "stop_time": 1655252806.8077135}, "29;1;1": {"start_time": 1655252806.809105, "stop_time": 1655252807.614945}, "29;2;1": {"start_time": 1655252807.6162758, "stop_time": 1655252808.9928987}, "29;3;1": {"start_time": 1655252808.9943008, "stop_time": 1655252830.3354523}, "28;0;1": {"start_time": 1655252830.3368528, "stop_time": 1655252830.7186403}, "28;1;1": {"start_time": 1655252830.7199378, "stop_time": 1655252831.2830215}, "28;2;1": {"start_time": 1655252831.2839973, "stop_time": 1655252832.565966}, "28;3;1": {"start_time": 1655252832.567278, "stop_time": 1655252853.5259418}, "27;0;1": {"start_time": 1655252853.5273454, "stop_time": 1655252853.8549008}, "27;1;1": {"start_time": 1655252853.8561628, "stop_time": 1655252854.3674593}, "27;2;1": {"start_time": 1655252854.3687308, "stop_time": 1655252855.3963714}, "27;3;1": {"start_time": 1655252855.397655, "stop_time": 1655252876.0422904}, "26;0;1": {"start_time": 1655252876.0436978, "stop_time": 1655252876.3769195}, "26;1;1": {"start_time": 1655252876.3782508, "stop_time": 1655252877.0055487}, "26;2;1": {"start_time": 1655252877.0068846, "stop_time": 1655252877.892364}, "26;3;1": {"start_time": 1655252877.8936393, "stop_time": 1655252898.5010314}, "25;0;1": {"start_time": 1655252898.502481, "stop_time": 1655252898.7234154}, "25;1;1": {"start_time": 1655252898.7247398, "stop_time": 1655252899.6573741}, "25;2;1": {"start_time": 1655252899.6586962, "stop_time": 1655252900.6148636}, "25;3;1": {"start_time": 1655252900.616342, "stop_time": 1655252922.5957553}, "24;0;1": {"start_time": 1655252922.5972595, "stop_time": 1655252922.737854}, "24;1;1": {"start_time": 1655252922.7392566, "stop_time": 1655252923.173982}, "24;2;1": {"start_time": 1655252923.175286, "stop_time": 1655252924.8566494}, "24;3;1": {"start_time": 1655252924.857985, "stop_time": 1655252945.6249278}, "23;0;1": {"start_time": 1655252945.6261926, "stop_time": 1655252945.921912}, "23;1;1": {"start_time": 1655252945.9232473, "stop_time": 1655252946.6766953}, "23;2;1": {"start_time": 1655252946.6780126, "stop_time": 1655252948.3830335}, "23;3;1": {"start_time": 1655252948.3844724, "stop_time": 1655252969.0429692}, "22;0;1": {"start_time": 1655252969.0443203, "stop_time": 1655252969.3872538}, "22;1;1": {"start_time": 1655252969.3885317, "stop_time": 1655252969.8540306}, "22;2;1": {"start_time": 1655252969.8553464, "stop_time": 1655252971.1730165}, "22;3;1": {"start_time": 1655252971.1744697, "stop_time": 1655252992.956074}, "21;0;1": {"start_time": 1655252992.9574907, "stop_time": 1655252993.5230722}, "21;1;1": {"start_time": 1655252993.5244863, "stop_time": 1655252994.5829659}, "21;2;1": {"start_time": 1655252994.5842905, "stop_time": 1655252995.6868286}, "21;3;1": {"start_time": 1655252995.6883285, "stop_time": 1655253018.4433162}, "20;0;1": {"start_time": 1655253018.444612, "stop_time": 1655253018.6345303}, "20;1;1": {"start_time": 1655253018.635857, "stop_time": 1655253019.3168895}, "20;2;1": {"start_time": 1655253019.3183835, "stop_time": 1655253020.2627847}, "20;3;1": {"start_time": 1655253020.2641177, "stop_time": 1655253043.104337}, "19;0;1": {"start_time": 1655253043.1056662, "stop_time": 1655253043.7890043}, "19;1;1": {"start_time": 1655253043.7903042, "stop_time": 1655253044.4089725}, "19;2;1": {"start_time": 1655253044.410238, "stop_time": 1655253045.552362}, "19;3;1": {"start_time": 1655253045.5536788, "stop_time": 1655253068.9917896}, "18;0;1": {"start_time": 1655253068.993181, "stop_time": 1655253069.4797187}, "18;1;1": {"start_time": 1655253069.4810112, "stop_time": 1655253070.0943701}, "18;2;1": {"start_time": 1655253070.0956433, "stop_time": 1655253071.0478172}, "18;3;1": {"start_time": 1655253071.049174, "stop_time": 1655253094.8235233}, "17;0;1": {"start_time": 1655253094.8247693, "stop_time": 1655253095.0254254}, "17;1;1": {"start_time": 1655253095.0267274, "stop_time": 1655253095.640576}, "17;2;1": {"start_time": 1655253095.6418788, "stop_time": 1655253097.2693982}, "17;3;1": {"start_time": 1655253097.270711, "stop_time": 1655253122.231444}, "16;0;1": {"start_time": 1655253122.2328389, "stop_time": 1655253122.7456205}, "16;1;1": {"start_time": 1655253122.7469087, "stop_time": 1655253123.7020407}, "16;2;1": {"start_time": 1655253123.7033587, "stop_time": 1655253125.0247543}, "16;3;1": {"start_time": 1655253125.0261862, "stop_time": 1655253151.772535}, "15;0;1": {"start_time": 1655253151.7739284, "stop_time": 1655253152.138826}, "15;1;1": {"start_time": 1655253152.1400938, "stop_time": 1655253152.88955}, "15;2;1": {"start_time": 1655253152.8908565, "stop_time": 1655253154.3752568}, "15;3;1": {"start_time": 1655253154.376545, "stop_time": 1655253182.352535}, "14;0;1": {"start_time": 1655253182.353951, "stop_time": 1655253182.5841098}, "14;1;1": {"start_time": 1655253182.58539, "stop_time": 1655253183.0357823}, "14;2;1": {"start_time": 1655253183.0370529, "stop_time": 1655253184.1829393}, "14;3;1": {"start_time": 1655253184.1841953, "stop_time": 1655253212.7748442}, "13;0;1": {"start_time": 1655253212.7761612, "stop_time": 1655253213.1520095}, "13;1;1": {"start_time": 1655253213.153338, "stop_time": 1655253213.770469}, "13;2;1": {"start_time": 1655253213.7718961, "stop_time": 1655253214.969971}, "13;3;1": {"start_time": 1655253214.9712932, "stop_time": 1655253244.233484}, "12;0;1": {"start_time": 1655253244.234715, "stop_time": 1655253244.5740352}, "12;1;1": {"start_time": 1655253244.5753164, "stop_time": 1655253245.4540915}, "12;2;1": {"start_time": 1655253245.4554052, "stop_time": 1655253247.035778}, "12;3;1": {"start_time": 1655253247.037069, "stop_time": 1655253279.4579365}, "11;0;1": {"start_time": 1655253279.4592166, "stop_time": 1655253279.8673677}, "11;1;1": {"start_time": 1655253279.868631, "stop_time": 1655253280.5839126}, "11;2;1": {"start_time": 1655253280.585167, "stop_time": 1655253281.9801219}, "11;3;1": {"start_time": 1655253281.9814086, "stop_time": 1655253315.2763174}, "10;0;1": {"start_time": 1655253315.2775602, "stop_time": 1655253316.0031195}, "10;1;1": {"start_time": 1655253316.0043716, "stop_time": 1655253316.7766473}, "10;2;1": {"start_time": 1655253316.7775826, "stop_time": 1655253317.9957964}, "10;3;1": {"start_time": 1655253317.997146, "stop_time": 1655253348.5128133},