{
    "config": {
        "pkg": "./swaptions-openmp",
        "execdate": "14-06-2022_21:50:36",
        "command": "pascalanalyzer -c 1:32 --ipts -ns 32 -sm 10000 -nt __nt__,-ns 64 -sm 20000 -nt __nt__,-ns 96 -sm 40000 -nt __nt__,-ns 128 -sm 1000000 -nt __nt__ ./swaptions-openmp -o swaptions-openmp.json",
        "hostname": "service0",
        "kernel": "Linux-4.4.250-x86_64-with-centos-6.5-Final",
        "disable_hyperthread": false,
        "auto_instrumentation": false,
        "idle_time": 0,
        "data_descriptor": {
            "values": [
                "start_time",
                "stop_time"
            ],
            "keys": [
                "cores",
                "input",
                "repetitions"
            ]
        },
        "disable_cores": false,
        "discard_ompnt": true,
        "arguments": [
            "-ns 128 -sm 1000000 -nt __nt__",
            "-ns 32 -sm 10000 -nt __nt__",
            "-ns 64 -sm 20000 -nt __nt__",
            "-ns 96 -sm 40000 -nt __nt__"
        ]
    },
    "data": {
        "32;0;1": {
            "start_time": 1655254236.591983,
            "stop_time": 1655254236.7771056
        },
        "32;1;1": {
            "start_time": 1655254236.7783775,
            "stop_time": 1655254237.0545955
        },
        "32;2;1": {
            "start_time": 1655254237.0557463,
            "stop_time": 1655254237.7736568
        },
        "32;3;1": {
            "start_time": 1655254237.7749243,
            "stop_time": 1655254257.6622553
        },
        "31;0;1": {
            "start_time": 1655254257.6635013,
            "stop_time": 1655254257.7481086
        },
        "31;1;1": {
            "start_time": 1655254257.7489963,
            "stop_time": 1655254257.9842944
        },
        "31;2;1": {
            "start_time": 1655254257.9854221,
            "stop_time": 1655254258.6164124
        },
        "31;3;1": {
            "start_time": 1655254258.617329,
            "stop_time": 1655254279.8234024
        },
        "30;0;1": {
            "start_time": 1655254279.8247054,
            "stop_time": 1655254279.9258473
        },
        "30;1;1": {
            "start_time": 1655254279.9267843,
            "stop_time": 1655254280.1954007
        },
        "30;2;1": {
            "start_time": 1655254280.1966062,
            "stop_time": 1655254280.852817
        },
        "30;3;1": {
            "start_time": 1655254280.8538282,
            "stop_time": 1655254301.6851327
        },
        "29;0;1": {
            "start_time": 1655254301.6863742,
            "stop_time": 1655254301.7639585
        },
        "29;1;1": {
            "start_time": 1655254301.7648935,
            "stop_time": 1655254302.035309
        },
        "29;2;1": {
            "start_time": 1655254302.036385,
            "stop_time": 1655254302.7547367
        },
        "29;3;1": {
            "start_time": 1655254302.755825,
            "stop_time": 1655254323.2607994
        },
        "28;0;1": {
            "start_time": 1655254323.2621987,
            "stop_time": 1655254323.3495858
        },
        "28;1;1": {
            "start_time": 1655254323.3505692,
            "stop_time": 1655254323.613481
        },
        "28;2;1": {
            "start_time": 1655254323.614408,
            "stop_time": 1655254324.3371136
        },
        "28;3;1": {
            "start_time": 1655254324.338023,
            "stop_time": 1655254344.4561768
        },
        "27;0;1": {
            "start_time": 1655254344.4574068,
            "stop_time": 1655254344.5508068
        },
        "27;1;1": {
            "start_time": 1655254344.5517464,
            "stop_time": 1655254344.8194237
        },
        "27;2;1": {
            "start_time": 1655254344.8206275,
            "stop_time": 1655254345.5066202
        },
        "27;3;1": {
            "start_time": 1655254345.5077395,
            "stop_time": 1655254366.0457683
        },
        "26;0;1": {
            "start_time": 1655254366.0470853,
            "stop_time": 1655254366.1743824
        },
        "26;1;1": {
            "start_time": 1655254366.1757002,
            "stop_time": 1655254366.4486194
        },
        "26;2;1": {
            "start_time": 1655254366.4496264,
            "stop_time": 1655254367.11833
        },
        "26;3;1": {
            "start_time": 1655254367.119315,
            "stop_time": 1655254387.4370775
        },
        "25;0;1": {
            "start_time": 1655254387.4383342,
            "stop_time": 1655254387.54268
        },
        "25;1;1": {
            "start_time": 1655254387.543625,
            "stop_time": 1655254387.807628
        },
        "25;2;1": {
            "start_time": 1655254387.8086157,
            "stop_time": 1655254388.4641247
        },
        "25;3;1": {
            "start_time": 1655254388.4651155,
            "stop_time": 1655254409.6657145
        },
        "24;0;1": {
            "start_time": 1655254409.667063,
            "stop_time": 1655254409.7692716
        },
        "24;1;1": {
            "start_time": 1655254409.7702107,
            "stop_time": 1655254410.0112784
        },
        "24;2;1": {
            "start_time": 1655254410.012177,
            "stop_time": 1655254410.627805
        },
        "24;3;1": {
            "start_time": 1655254410.628743,
            "stop_time": 1655254431.0963356
        },
        "23;0;1": {
            "start_time": 1655254431.097523,
            "stop_time": 1655254431.178898
        },
        "23;1;1": {
            "start_time": 1655254431.1798325,
            "stop_time": 1655254431.4212532
        },
        "23;2;1": {
            "start_time": 1655254431.4221776,
            "stop_time": 1655254432.1112952
        },
        "23;3;1": {
            "start_time": 1655254432.1122236,
            "stop_time": 1655254452.9167151
        },
        "22;0;1": {
            "start_time": 1655254452.918034,
            "stop_time": 1655254453.0198367
        },
        "22;1;1": {
            "start_time": 1655254453.0211034,
            "stop_time": 1655254453.2664385
        },
        "22;2;1": {
            "start_time": 1655254453.2674885,
            "stop_time": 1655254453.9664743
        },
        "22;3;1": {
            "start_time": 1655254453.967711,
            "stop_time": 1655254475.060061
        },
        "21;0;1": {
            "start_time": 1655254475.0614789,
            "stop_time": 1655254475.1590664
        },
        "21;1;1": {
            "start_time": 1655254475.1602442,
            "stop_time": 1655254475.406137
        },
        "21;2;1": {
            "start_time": 1655254475.4070723,
            "stop_time": 1655254476.101668
        },
        "21;3;1": {
            "start_time": 1655254476.1026292,
            "stop_time": 1655254499.2060652
        },
        "20;0;1": {
            "start_time": 1655254499.2074468,
            "stop_time": 1655254499.294364
        },
        "20;1;1": {
            "start_time": 1655254499.2955022,
            "stop_time": 1655254499.5598884
        },
        "20;2;1": {
            "start_time": 1655254499.5608053,
            "stop_time": 1655254500.2627118
        },
        "20;3;1": {
            "start_time": 1655254500.2637389,
            "stop_time": 1655254523.1818733
        },
        "19;0;1": {
            "start_time": 1655254523.1832623,
            "stop_time": 1655254523.2988052
        },
        "19;1;1": {
            "start_time": 1655254523.2997715,
            "stop_time": 1655254523.570721
        },
        "19;2;1": {
            "start_time": 1655254523.5716548,
            "stop_time": 1655254524.2709713
        },
        "19;3;1": {
            "start_time": 1655254524.271934,
            "stop_time": 1655254546.819408
        },
        "18;0;1": {
            "start_time": 1655254546.8206935,
            "stop_time": 1655254546.937015
        },
        "18;1;1": {
            "start_time": 1655254546.937946,