{"config": {"pkg": "./build/swaptions-openmp", "execdate": "20-07-2022_10:46:49", "command": "pascalanalyzer -c 1:32 --ipts -ns 32 -sm 20000 -nt __nt__,-ns 64 -sm 40000 -nt __nt__,-ns 96   -sm 60000 -nt __nt__,-ns 128 -sm 1000000 -nt __nt__ ./build/swaptions-openmp -o swaptions-openmp-custom.json", "hostname": "r1i1n2", "kernel": "Linux-4.18.0-348.2.1.el8_5.x86_64-x86_64-with-centos-8.5-Green_Obsidian", "disable_hyperthread": false, "auto_instrumentation": false, "idle_time": 0, "data_descriptor": {"values": ["start_time", "stop_time"], "keys": ["cores", "input", "repetitions"]}, "disable_cores": false, "discard_ompnt": true, "arguments": ["-ns 96   -sm 60000 -nt __nt__", "-ns 32 -sm 20000 -nt __nt__", "-ns 128 -sm 1000000 -nt __nt__", "-ns 64 -sm 40000 -nt __nt__"]}, "data": {"32;0;1": {"start_time": 1658324809.8767061, "stop_time": 1658324810.010122}, "32;1;1": {"start_time": 1658324810.0107806, "stop_time": 1658324810.146864}, "32;2;1": {"start_time": 1658324810.1475189, "stop_time": 1658324810.4464273}, "32;3;1": {"start_time": 1658324810.4471493, "stop_time": 1658324817.2758613}, "31;0;1": {"start_time": 1658324817.2769835, "stop_time": 1658324817.3415897}, "31;1;1": {"start_time": 1658324817.342359, "stop_time": 1658324817.5269845}, "31;2;1": {"start_time": 1658324817.5276136, "stop_time": 1658324817.9022517}, "31;3;1": {"start_time": 1658324817.9029093, "stop_time": 1658324825.7353687}, "30;0;1": {"start_time": 1658324825.736475, "stop_time": 1658324825.8005908}, "30;1;1": {"start_time": 1658324825.8013651, "stop_time": 1658324825.9913619}, "30;2;1": {"start_time": 1658324825.9920352, "stop_time": 1658324826.3741076}, "30;3;1": {"start_time": 1658324826.3747272, "stop_time": 1658324834.3190331}, "29;0;1": {"start_time": 1658324834.3198388, "stop_time": 1658324834.3852513}, "29;1;1": {"start_time": 1658324834.3859632, "stop_time": 1658324834.5782306}, "29;2;1": {"start_time": 1658324834.578872, "stop_time": 1658324834.969119}, "29;3;1": {"start_time": 1658324834.9697409, "stop_time": 1658324842.873136}, "28;0;1": {"start_time": 1658324842.873855, "stop_time": 1658324842.9390671}, "28;1;1": {"start_time": 1658324842.939694, "stop_time": 1658324843.1360245}, "28;2;1": {"start_time": 1658324843.1366448, "stop_time": 1658324843.5264869}, "28;3;1": {"start_time": 1658324843.5271897, "stop_time": 1658324851.4785771}, "27;0;1": {"start_time": 1658324851.4793863, "stop_time": 1658324851.5447264}, "27;1;1": {"start_time": 1658324851.5454156, "stop_time": 1658324851.7424574}, "27;2;1": {"start_time": 1658324851.7431507, "stop_time": 1658324852.1338744}, "27;3;1": {"start_time": 1658324852.1345367, "stop_time": 1658324860.2731133}, "26;0;1": {"start_time": 1658324860.2741754, "stop_time": 1658324860.3419192}, "26;1;1": {"start_time": 1658324860.3426325, "stop_time": 1658324860.54071}, "26;2;1": {"start_time": 1658324860.5413992, "stop_time": 1658324860.932015}, "26;3;1": {"start_time": 1658324860.932644, "stop_time": 1658324869.0615869}, "25;0;1": {"start_time": 1658324869.062465, "stop_time": 1658324869.1311176}, "25;1;1": {"start_time": 1658324869.1318367, "stop_time": 1658324869.3298125}, "25;2;1": {"start_time": 1658324869.330483, "stop_time": 1658324869.7236006}, "25;3;1": {"start_time": 1658324869.724298, "stop_time": 1658324879.0798593}, "24;0;1": {"start_time": 1658324879.0807142, "stop_time": 1658324879.1504965}, "24;1;1": {"start_time": 1658324879.151281, "stop_time": 1658324879.3483272}, "24;2;1": {"start_time": 1658324879.3489957, "stop_time": 1658324879.765401}, "24;3;1": {"start_time": 1658324879.7661018, "stop_time": 1658324889.2929623}, "23;0;1": {"start_time": 1658324889.293811, "stop_time": 1658324889.363825}, "23;1;1": {"start_time": 1658324889.3645797, "stop_time": 1658324889.5647032}, "23;2;1": {"start_time": 1658324889.5654047, "stop_time": 1658324890.0391319}, "23;3;1": {"start_time": 1658324890.0397573, "stop_time": 1658324899.6142385}, "22;0;1": {"start_time": 1658324899.6150293, "stop_time": 1658324899.6852167}, "22;1;1": {"start_time": 1658324899.6859796, "stop_time": 1658324899.8871448}, "22;2;1": {"start_time": 1658324899.887815, "stop_time": 1658324900.371067}, "22;3;1": {"start_time": 1658324900.3716934, "stop_time": 1658324910.0395238}, "21;0;1": {"start_time": 1658324910.0404117, "stop_time": 1658324910.1117508}, "21;1;1": {"start_time": 1658324910.1125205, "stop_time": 1658324910.357995}, "21;2;1": {"start_time": 1658324910.3586357, "stop_time": 1658324910.8421907}, "21;3;1": {"start_time": 1658324910.842856, "stop_time": 1658324921.795269}, "20;0;1": {"start_time": 1658324921.7961726, "stop_time": 1658324921.8670647}, "20;1;1": {"start_time": 1658324921.8678308, "stop_time": 1658324922.4048376}, "20;2;1": {"start_time": 1658324922.4055088, "stop_time": 1658324922.8876927}, "20;3;1": {"start_time": 1658324922.8884048, "stop_time": 1658324933.8548248}, "19;0;1": {"start_time": 1658324933.8558178, "stop_time": 1658324933.9266775}, "19;1;1": {"start_time": 1658324933.927452, "stop_time": 1658324934.2183201}, "19;2;1": {"start_time": 1658324934.2190166, "stop_time": 1658324934.7780771}, "19;3;1": {"start_time": 1658324934.7787006, "stop_time": 1658324946.0406}, "18;0;1": {"start_time": 1658324946.0415094, "stop_time": 1658324946.1118326}, "18;1;1": {"start_time": 1658324946.112607, "stop_time": 1658324946.3731496}, "18;2;1": {"start_time": 1658324946.3738117, "stop_time": 1658324946.945624}, "18;3;1": {"start_time": 1658324946.9463296, "stop_time": 1658324959.4699252}, "17;0;1": {"start_time": 1658324959.471248, "stop_time": 1658324959.5394444}, "17;1;1": {"start_time": 1658324959.5401669, "stop_time": 1658324959.7983737}, "17;2;1": {"start_time": 1658324959.7990627, "stop_time": 1658324960.3749151}, "17;3;1": {"start_time": 1658324960.3755744, "stop_time": 1658324972.9212372}, "16;0;1": {"start_time": 1658324972.9222586, "stop_time": 1658324972.9932396}, "16;1;1": {"start_time": 1658324972.9939983, "stop_time": 1658324973.250596}, "16;2;1": {"start_time": 1658324973.2512944, "stop_time": 1658324973.824705}, "16;3;1": {"start_time": 1658324973.8254125, "stop_time": 1658324986.6617405}, "15;0;1": {"start_time": 1658324986.6626832, "stop_time": 1658324986.7574255}, "15;1;1": {"start_time": 1658324986.7581842, "stop_time": 1658324987.067875}, "15;2;1": {"start_time": 1658324987.068535, "stop_time": 1658324987.732207}, "15;3;1": {"start_time": 1658324987.7328675, "stop_time": 1658325001.6310816}, "14;0;1": {"start_time": 1658325001.6322196, "stop_time": 1658325001.7279088}, "14;1;1": {"start_time": 1658325001.728624, "stop_time": 1658325002.048113}, "14;2;1": {"start_time": 1658325002.0488126, "stop_time": 1658325002.8298862}, "14;3;1": {"start_time": 1658325002.8305523, "stop_time": 1658325017.7973464}, "13;0;1": {"start_time": 1658325017.7980375, "stop_time": 1658325017.947284}, "13;1;1": {"start_time": 1658325017.9479618, "stop_time": 1658325018.2685292}, "13;2;1": {"start_time": 1658325018.269247, "stop_time": 1658325019.0240364}, "13;3;1": {"start_time": 1658325019.0247, "stop_time": 1658325033.8815377}, "12;0;1": {"start_time": 1658325033.8823626, "stop_time": 1658325033.9805007}, "12;1;1": {"start_time": 1658325033.9812357, "stop_time": 1658325034.3535252}, "12;2;1": {"start_time": 1658325034.3542383, "stop_time": 1658325035.1101508}, "12;3;1": {"start_time": 1658325035.1108024, "stop_time": 1658325051.4469626}, "11;0;1": {"start_time": 1658325051.4476233, "stop_time": 1658325051.5457532}, "11;1;1": {"start_time": 1658325051.5464473, "stop_time": 1658325051.926114}, "11;2;1": {"start_time": 1658325051.9267406, "stop_time": 1658325052.778566}, "11;3;1": {"start_time": 1658325052.7792873, "stop_time": 1658325070.1606927}, "10;0;1": {"start_time": 1658325070.1614597, "stop_time": 1658325070.2846406}, "10;1;1": {"start_time": 1658325070.2853596, "stop_time": 1658325070.716163}, "10;2;1": {"start_time": 1658325070.7168117, "stop_time": 1658325071.6347606}, "10;3;1": {"start_time": 1658325071.6355994,