{"config": {"pkg": "./swaptions-openmp", "execdate": "20-07-2022_12:37:59", "command": "pascalanalyzer -c 1:32 --ipts -ns 32 -sm 10000 -nt __nt__,-ns 64 -sm 20000 -nt __nt__,-ns 96 -sm 40000 -nt __nt__,-ns 128 -sm 1000000 -nt __nt__ ./swaptions-openmp -o swaptions-openmp.json", "hostname": "r1i1n4", "kernel": "Linux-4.18.0-348.2.1.el8_5.x86_64-x86_64-with-centos-8.5-Green_Obsidian", "disable_hyperthread": false, "auto_instrumentation": false, "idle_time": 0, "data_descriptor": {"values": ["start_time", "stop_time"], "keys": ["cores", "input", "repetitions"]}, "disable_cores": false, "discard_ompnt": true, "arguments": ["-ns 128 -sm 1000000 -nt __nt__", "-ns 96 -sm 40000 -nt __nt__", "-ns 32 -sm 10000 -nt __nt__", "-ns 64 -sm 20000 -nt __nt__"]}, "data": {"32;0;1": {"start_time": 1658331479.8341124, "stop_time": 1658331479.8568895}, "32;1;1": {"start_time": 1658331479.85757, "stop_time": 1658331479.9263952}, "32;2;1": {"start_time": 1658331479.927059, "stop_time": 1658331480.1196318}, "32;3;1": {"start_time": 1658331480.1203175, "stop_time": 1658331486.5133371}, "31;0;1": {"start_time": 1658331486.5141351, "stop_time": 1658331486.6087542}, "31;1;1": {"start_time": 1658331486.609458, "stop_time": 1658331486.7006354}, "31;2;1": {"start_time": 1658331486.7013257, "stop_time": 1658331486.94662}, "31;3;1": {"start_time": 1658331486.9473047, "stop_time": 1658331494.7677908}, "30;0;1": {"start_time": 1658331494.7691503, "stop_time": 1658331494.8043814}, "30;1;1": {"start_time": 1658331494.8051705, "stop_time": 1658331494.9007244}, "30;2;1": {"start_time": 1658331494.9014206, "stop_time": 1658331495.1507206}, "30;3;1": {"start_time": 1658331495.1514068, "stop_time": 1658331502.786766}, "29;0;1": {"start_time": 1658331502.787499, "stop_time": 1658331502.8215597}, "29;1;1": {"start_time": 1658331502.8222463, "stop_time": 1658331502.9175825}, "29;2;1": {"start_time": 1658331502.9182615, "stop_time": 1658331503.1740923}, "29;3;1": {"start_time": 1658331503.1747274, "stop_time": 1658331510.8491552}, "28;0;1": {"start_time": 1658331510.8500779, "stop_time": 1658331510.8846724}, "28;1;1": {"start_time": 1658331510.885356, "stop_time": 1658331510.9828963}, "28;2;1": {"start_time": 1658331510.9835575, "stop_time": 1658331511.2373605}, "28;3;1": {"start_time": 1658331511.2380419, "stop_time": 1658331518.9157803}, "27;0;1": {"start_time": 1658331518.9164698, "stop_time": 1658331518.9504802}, "27;1;1": {"start_time": 1658331518.95118, "stop_time": 1658331519.0499444}, "27;2;1": {"start_time": 1658331519.0506053, "stop_time": 1658331519.3031297}, "27;3;1": {"start_time": 1658331519.3037355, "stop_time": 1658331527.0307977}, "26;0;1": {"start_time": 1658331527.031501, "stop_time": 1658331527.066664}, "26;1;1": {"start_time": 1658331527.0673428, "stop_time": 1658331527.1644092}, "26;2;1": {"start_time": 1658331527.1650782, "stop_time": 1658331527.4180055}, "26;3;1": {"start_time": 1658331527.4186463, "stop_time": 1658331535.251391}, "25;0;1": {"start_time": 1658331535.252143, "stop_time": 1658331535.2873898}, "25;1;1": {"start_time": 1658331535.2880855, "stop_time": 1658331535.3857713}, "25;2;1": {"start_time": 1658331535.3864558, "stop_time": 1658331535.6375656}, "25;3;1": {"start_time": 1658331535.6382787, "stop_time": 1658331544.726793}, "24;0;1": {"start_time": 1658331544.7277868, "stop_time": 1658331544.765622}, "24;1;1": {"start_time": 1658331544.7664382, "stop_time": 1658331544.8661377}, "24;2;1": {"start_time": 1658331544.866765, "stop_time": 1658331545.1196094}, "24;3;1": {"start_time": 1658331545.1203113, "stop_time": 1658331554.1609526}, "23;0;1": {"start_time": 1658331554.1616006, "stop_time": 1658331554.1973252}, "23;1;1": {"start_time": 1658331554.1979737, "stop_time": 1658331554.2963262}, "23;2;1": {"start_time": 1658331554.2969527, "stop_time": 1658331554.60289}, "23;3;1": {"start_time": 1658331554.6035547, "stop_time": 1658331563.8446436}, "22;0;1": {"start_time": 1658331563.8453612, "stop_time": 1658331563.8814044}, "22;1;1": {"start_time": 1658331563.8820605, "stop_time": 1658331563.980818}, "22;2;1": {"start_time": 1658331563.9814923, "stop_time": 1658331564.29179}, "22;3;1": {"start_time": 1658331564.2924752, "stop_time": 1658331573.6800952}, "21;0;1": {"start_time": 1658331573.6808395, "stop_time": 1658331573.7172725}, "21;1;1": {"start_time": 1658331573.7180552, "stop_time": 1658331573.8405051}, "21;2;1": {"start_time": 1658331573.8411832, "stop_time": 1658331574.1536143}, "21;3;1": {"start_time": 1658331574.1543002, "stop_time": 1658331584.7769449}, "20;0;1": {"start_time": 1658331584.7777822, "stop_time": 1658331584.8147202}, "20;1;1": {"start_time": 1658331584.8155248, "stop_time": 1658331584.941139}, "20;2;1": {"start_time": 1658331584.9417498, "stop_time": 1658331585.2558281}, "20;3;1": {"start_time": 1658331585.2565234, "stop_time": 1658331595.9593022}, "19;0;1": {"start_time": 1658331595.9601226, "stop_time": 1658331595.9963467}, "19;1;1": {"start_time": 1658331595.9972048, "stop_time": 1658331596.1241043}, "19;2;1": {"start_time": 1658331596.1247609, "stop_time": 1658331596.4889326}, "19;3;1": {"start_time": 1658331596.4896228, "stop_time": 1658331607.239622}, "18;0;1": {"start_time": 1658331607.240525, "stop_time": 1658331607.2760553}, "18;1;1": {"start_time": 1658331607.2767081, "stop_time": 1658331607.404423}, "18;2;1": {"start_time": 1658331607.4051354, "stop_time": 1658331607.7739825}, "18;3;1": {"start_time": 1658331607.7746825, "stop_time": 1658331619.862823}, "17;0;1": {"start_time": 1658331619.8640916, "stop_time": 1658331619.900425}, "17;1;1": {"start_time": 1658331619.9013088, "stop_time": 1658331620.029678}, "17;2;1": {"start_time": 1658331620.030398, "stop_time": 1658331620.405235}, "17;3;1": {"start_time": 1658331620.4059536, "stop_time": 1658331632.5080085}, "16;0;1": {"start_time": 1658331632.508704, "stop_time": 1658331632.6038718}, "16;1;1": {"start_time": 1658331632.6045961, "stop_time": 1658331632.731518}, "16;2;1": {"start_time": 1658331632.7322493, "stop_time": 1658331633.1049502}, "16;3;1": {"start_time": 1658331633.1056342, "stop_time": 1658331645.208078}, "15;0;1": {"start_time": 1658331645.2090192, "stop_time": 1658331645.2579217}, "15;1;1": {"start_time": 1658331645.2587209, "stop_time": 1658331645.4130785}, "15;2;1": {"start_time": 1658331645.4137254, "stop_time": 1658331645.8428733}, "15;3;1": {"start_time": 1658331645.8435812, "stop_time": 1658331659.200438}, "14;0;1": {"start_time": 1658331659.2012622, "stop_time": 1658331659.2503319}, "14;1;1": {"start_time": 1658331659.251068, "stop_time": 1658331659.4074419}, "14;2;1": {"start_time": 1658331659.408139, "stop_time": 1658331659.8461168}, "14;3;1": {"start_time": 1658331659.846764, "stop_time": 1658331674.1599064}, "13;0;1": {"start_time": 1658331674.1607711, "stop_time": 1658331674.2101612}, "13;1;1": {"start_time": 1658331674.2109988, "stop_time": 1658331674.3692992}, "13;2;1": {"start_time": 1658331674.3699574, "stop_time": 1658331674.8591015}, "13;3;1": {"start_time": 1658331674.859751, "stop_time": 1658331689.223943}, "12;0;1": {"start_time": 1658331689.2247396, "stop_time": 1658331689.274279}, "12;1;1": {"start_time": 1658331689.2749753, "stop_time": 1658331689.458628}, "12;2;1": {"start_time": 1658331689.4593356, "stop_time": 1658331689.956001}, "12;3;1": {"start_time": 1658331689.956738, "stop_time": 1658331705.5526738}, "11;0;1": {"start_time": 1658331705.5533998, "stop_time": 1658331705.602902}, "11;1;1": {"start_time": 1658331705.6036122, "stop_time": 1658331705.7910774}, "11;2;1": {"start_time": 1658331705.7917643, "stop_time": 1658331706.342278}, "11;3;1": {"start_time": 1658331706.3429766, "stop_time": 1658331723.124061}, "10;0;1": {"start_time": 1658331723.1247694, "stop_time": 1658331723.1875207}, "10;1;1": {"start_time": 1658331723.1882517, "stop_time": 1658331723.4017675}, "10;2;1": {"start_time": 1658331723.4024885, "stop_time": 1658331724.0126882}, "10;3;1": {"start_time": 1658331724.0134163, "stop_time": 1658331742.075534},