{"config": {"pkg": "./swaptions-openmp", "execdate": "10-06-2022_19:22:50", "command": "pascalanalyzer -c 1:32 --ipts -ns 32 -sm 10000 -nt __nt__,-ns 64 -sm 20000 -nt __nt__,-ns 96 -sm 40000 -nt __nt__,-ns 128 -sm 1000000 -nt __nt__ ./swaptions-openmp -o swaptions-openmp.json", "hostname": "service0", "kernel": "Linux-4.4.250-x86_64-with-centos-6.5-Final", "disable_hyperthread": false, "auto_instrumentation": false, "idle_time": 0, "data_descriptor": {"values": ["start_time", "stop_time"], "keys": ["cores", "input", "repetitions"]}, "disable_cores": false, "discard_ompnt": true, "arguments": ["-ns 32 -sm 10000 -nt __nt__", "-ns 64 -sm 20000 -nt __nt__", "-ns 96 -sm 40000 -nt __nt__", "-ns 128 -sm 1000000 -nt __nt__"]}, "data": {"32;0;1": {"start_time": 1654899770.988224, "stop_time": 1654899771.131049}, "32;1;1": {"start_time": 1654899771.1320825, "stop_time": 1654899771.663956}, "32;2;1": {"start_time": 1654899771.6651294, "stop_time": 1654899774.1539407}, "32;3;1": {"start_time": 1654899774.1551623, "stop_time": 1654899814.791208}, "31;0;1": {"start_time": 1654899814.7924364, "stop_time": 1654899815.7167299}, "31;1;1": {"start_time": 1654899815.717923, "stop_time": 1654899816.8221684}, "31;2;1": {"start_time": 1654899816.823543, "stop_time": 1654899819.115948}, "31;3;1": {"start_time": 1654899819.1173074, "stop_time": 1654899862.052639}, "30;0;1": {"start_time": 1654899862.0540001, "stop_time": 1654899862.2123141}, "30;1;1": {"start_time": 1654899862.213344, "stop_time": 1654899862.8326244}, "30;2;1": {"start_time": 1654899862.8339531, "stop_time": 1654899865.4891274}, "30;3;1": {"start_time": 1654899865.4905274, "stop_time": 1654899908.107959}, "29;0;1": {"start_time": 1654899908.1093898, "stop_time": 1654899908.501641}, "29;1;1": {"start_time": 1654899908.5029745, "stop_time": 1654899909.6141822}, "29;2;1": {"start_time": 1654899909.6155195, "stop_time": 1654899911.7186658}, "29;3;1": {"start_time": 1654899911.7199762, "stop_time": 1654899953.1315913}, "28;0;1": {"start_time": 1654899953.1328838, "stop_time": 1654899953.8835738}, "28;1;1": {"start_time": 1654899953.8848588, "stop_time": 1654899955.4563923}, "28;2;1": {"start_time": 1654899955.4577794, "stop_time": 1654899957.648498}, "28;3;1": {"start_time": 1654899957.6500304, "stop_time": 1654899999.4437945}, "27;0;1": {"start_time": 1654899999.4452965, "stop_time": 1654899999.616564}, "27;1;1": {"start_time": 1654899999.6175096, "stop_time": 1654900000.4544258}, "27;2;1": {"start_time": 1654900000.4557528, "stop_time": 1654900002.5729995}, "27;3;1": {"start_time": 1654900002.5741975, "stop_time": 1654900044.5225654}, "26;0;1": {"start_time": 1654900044.5238967, "stop_time": 1654900045.1058517}, "26;1;1": {"start_time": 1654900045.1072016, "stop_time": 1654900046.175991}, "26;2;1": {"start_time": 1654900046.1773508, "stop_time": 1654900048.0724976}, "26;3;1": {"start_time": 1654900048.073841, "stop_time": 1654900089.6648743}, "25;0;1": {"start_time": 1654900089.6662529, "stop_time": 1654900090.1796215}, "25;1;1": {"start_time": 1654900090.1809368, "stop_time": 1654900091.4690719}, "25;2;1": {"start_time": 1654900091.470323, "stop_time": 1654900093.1535318}, "25;3;1": {"start_time": 1654900093.1547692, "stop_time": 1654900136.4295735}, "24;0;1": {"start_time": 1654900136.430906, "stop_time": 1654900136.9755971}, "24;1;1": {"start_time": 1654900136.9768934, "stop_time": 1654900137.7335916}, "24;2;1": {"start_time": 1654900137.7349598, "stop_time": 1654900139.6318645}, "24;3;1": {"start_time": 1654900139.633219, "stop_time": 1654900181.5675192}, "23;0;1": {"start_time": 1654900181.5689414, "stop_time": 1654900182.1567447}, "23;1;1": {"start_time": 1654900182.1580672, "stop_time": 1654900183.0416052}, "23;2;1": {"start_time": 1654900183.0428402, "stop_time": 1654900185.3771322}, "23;3;1": {"start_time": 1654900185.378391, "stop_time": 1654900227.004851}, "22;0;1": {"start_time": 1654900227.006161, "stop_time": 1654900227.186399}, "22;1;1": {"start_time": 1654900227.1873574, "stop_time": 1654900227.641263}, "22;2;1": {"start_time": 1654900227.642258, "stop_time": 1654900229.0682483}, "22;3;1": {"start_time": 1654900229.0693629, "stop_time": 1654900270.997876}, "21;0;1": {"start_time": 1654900270.9991481, "stop_time": 1654900271.202739}, "21;1;1": {"start_time": 1654900271.203683, "stop_time": 1654900271.7511015}, "21;2;1": {"start_time": 1654900271.7520885, "stop_time": 1654900273.133005}, "21;3;1": {"start_time": 1654900273.134304, "stop_time": 1654900317.3934157}, "20;0;1": {"start_time": 1654900317.3947423, "stop_time": 1654900317.5694602}, "20;1;1": {"start_time": 1654900317.5706592, "stop_time": 1654900318.2690592}, "20;2;1": {"start_time": 1654900318.2704253, "stop_time": 1654900321.0060349}, "20;3;1": {"start_time": 1654900321.007373, "stop_time": 1654900366.7070327}, "19;0;1": {"start_time": 1654900366.708413, "stop_time": 1654900366.998319}, "19;1;1": {"start_time": 1654900366.999492, "stop_time": 1654900368.1070082}, "19;2;1": {"start_time": 1654900368.1082127, "stop_time": 1654900370.037774}, "19;3;1": {"start_time": 1654900370.0389671, "stop_time": 1654900416.7541988}, "18;0;1": {"start_time": 1654900416.755581, "stop_time": 1654900417.1188812}, "18;1;1": {"start_time": 1654900417.119864, "stop_time": 1654900418.3064294}, "18;2;1": {"start_time": 1654900418.307595, "stop_time": 1654900420.652814}, "18;3;1": {"start_time": 1654900420.6540196, "stop_time": 1654900469.6450956}, "17;0;1": {"start_time": 1654900469.6463244, "stop_time": 1654900470.1793036}, "17;1;1": {"start_time": 1654900470.180535, "stop_time": 1654900471.3503723}, "17;2;1": {"start_time": 1654900471.3515537, "stop_time": 1654900473.8811705}, "17;3;1": {"start_time": 1654900473.8823705, "stop_time": 1654900525.7974927}, "16;0;1": {"start_time": 1654900525.7988274, "stop_time": 1654900526.6498826}, "16;1;1": {"start_time": 1654900526.6512156, "stop_time": 1654900527.9643621}, "16;2;1": {"start_time": 1654900527.9655793, "stop_time": 1654900531.0753958}, "16;3;1": {"start_time": 1654900531.0766046, "stop_time": 1654900583.6762767}, "15;0;1": {"start_time": 1654900583.6776054, "stop_time": 1654900584.3716886}, "15;1;1": {"start_time": 1654900584.3728993, "stop_time": 1654900585.742643}, "15;2;1": {"start_time": 1654900585.7438545, "stop_time": 1654900588.537923}, "15;3;1": {"start_time": 1654900588.5391483, "stop_time": 1654900643.763187}, "14;0;1": {"start_time": 1654900643.764564, "stop_time": 1654900644.3009574}, "14;1;1": {"start_time": 1654900644.302401, "stop_time": 1654900645.3871183}, "14;2;1": {"start_time": 1654900645.388491, "stop_time": 1654900647.6409562}, "14;3;1": {"start_time": 1654900647.642302, "stop_time": 1654900705.7880952}, "13;0;1": {"start_time": 1654900705.7895815, "stop_time": 1654900706.5670955}, "13;1;1": {"start_time": 1654900706.5684257, "stop_time": 1654900707.7202544}, "13;2;1": {"start_time": 1654900707.7215874, "stop_time": 1654900709.969697}, "13;3;1": {"start_time": 1654900709.9710736, "stop_time": 1654900768.0509765}, "12;0;1": {"start_time": 1654900768.0523965, "stop_time": 1654900768.8132463}, "12;1;1": {"start_time": 1654900768.8146307, "stop_time": 1654900770.4475174}, "12;2;1": {"start_time": 1654900770.4488857, "stop_time": 1654900772.866928}, "12;3;1": {"start_time": 1654900772.8682225, "stop_time": 1654900825.818999}, "11;0;1": {"start_time": 1654900825.8204002, "stop_time": 1654900826.5471985}, "11;1;1": {"start_time": 1654900826.5485764, "stop_time": 1654900827.7139344}, "11;2;1": {"start_time": 1654900827.7153418, "stop_time": 1654900830.1598845}, "11;3;1": {"start_time": 1654900830.161303, "stop_time": 1654900888.6923752}, "10;0;1": {"start_time": 1654900888.693911, "stop_time": 1654900889.4706724}, "10;1;1": {"start_time": 1654900889.4718876, "stop_time": 1654900890.9415271}, "10;2;1": {"start_time": 1654900890.9428806, "stop_time": 1654900893.6125631}, "10;3;1": {"start_time": 1654900893.6139758, "stop_time": 1654900955.0258815}, "9;0;1": {"start_time": 1654900955.027284,