{"config": {"pkg": "./build/swaptions-pthreads", "execdate": "19-07-2022_21:21:26", "command": "pascalanalyzer -c 1:32 --ipts -ns 32 -sm 10000 -nt __nt__,-ns 64 -sm 20000 -nt __nt__,-ns 96 -sm 40000 -nt __nt__,-ns 128 -sm 1000000 -nt __nt__ ./build/swaptions-pthreads -o swaptions-pthreads-custom.json", "hostname": "r1i1n2", "kernel": "Linux-4.18.0-348.2.1.el8_5.x86_64-x86_64-with-centos-8.5-Green_Obsidian", "disable_hyperthread": false, "auto_instrumentation": false, "idle_time": 0, "data_descriptor": {"values": ["start_time", "stop_time"], "keys": ["cores", "input", "repetitions"]}, "disable_cores": false, "discard_ompnt": true, "arguments": ["-ns 128 -sm 1000000 -nt __nt__", "-ns 32 -sm 10000 -nt __nt__", "-ns 64 -sm 20000 -nt __nt__", "-ns 96 -sm 40000 -nt __nt__"]}, "data": {"32;0;1": {"start_time": 1658276486.5489447, "stop_time": 1658276486.5814536}, "32;1;1": {"start_time": 1658276486.5822415, "stop_time": 1658276486.677993}, "32;2;1": {"start_time": 1658276486.6786435, "stop_time": 1658276486.944129}, "32;3;1": {"start_time": 1658276486.9448562, "stop_time": 1658276493.1674676}, "31;0;1": {"start_time": 1658276493.1685565, "stop_time": 1658276493.207699}, "31;1;1": {"start_time": 1658276493.208511, "stop_time": 1658276493.3044906}, "31;2;1": {"start_time": 1658276493.305202, "stop_time": 1658276493.5518787}, "31;3;1": {"start_time": 1658276493.552613, "stop_time": 1658276500.996994}, "30;0;1": {"start_time": 1658276500.9983177, "stop_time": 1658276501.0392134}, "30;1;1": {"start_time": 1658276501.0401478, "stop_time": 1658276501.1386151}, "30;2;1": {"start_time": 1658276501.1393416, "stop_time": 1658276501.388486}, "30;3;1": {"start_time": 1658276501.389306, "stop_time": 1658276508.8953612}, "29;0;1": {"start_time": 1658276508.896063, "stop_time": 1658276508.935649}, "29;1;1": {"start_time": 1658276508.9364128, "stop_time": 1658276509.036723}, "29;2;1": {"start_time": 1658276509.0375037, "stop_time": 1658276509.3330152}, "29;3;1": {"start_time": 1658276509.3336914, "stop_time": 1658276517.0124009}, "28;0;1": {"start_time": 1658276517.0131955, "stop_time": 1658276517.0536015}, "28;1;1": {"start_time": 1658276517.0543377, "stop_time": 1658276517.1772945}, "28;2;1": {"start_time": 1658276517.1780727, "stop_time": 1658276517.509528}, "28;3;1": {"start_time": 1658276517.5103152, "stop_time": 1658276525.1742697}, "27;0;1": {"start_time": 1658276525.174917, "stop_time": 1658276525.2123823}, "27;1;1": {"start_time": 1658276525.2131221, "stop_time": 1658276525.3168893}, "27;2;1": {"start_time": 1658276525.317615, "stop_time": 1658276525.5693724}, "27;3;1": {"start_time": 1658276525.5701752, "stop_time": 1658276533.4035401}, "26;0;1": {"start_time": 1658276533.4042757, "stop_time": 1658276533.4422896}, "26;1;1": {"start_time": 1658276533.4430423, "stop_time": 1658276533.5434597}, "26;2;1": {"start_time": 1658276533.544266, "stop_time": 1658276533.8927953}, "26;3;1": {"start_time": 1658276533.893515, "stop_time": 1658276541.6025698}, "25;0;1": {"start_time": 1658276541.6034384, "stop_time": 1658276541.6452994}, "25;1;1": {"start_time": 1658276541.6461508, "stop_time": 1658276541.74729}, "25;2;1": {"start_time": 1658276541.7480721, "stop_time": 1658276542.000274}, "25;3;1": {"start_time": 1658276542.0010676, "stop_time": 1658276550.974092}, "24;0;1": {"start_time": 1658276550.9750557, "stop_time": 1658276551.0226173}, "24;1;1": {"start_time": 1658276551.023456, "stop_time": 1658276551.1246297}, "24;2;1": {"start_time": 1658276551.1254005, "stop_time": 1658276551.37547}, "24;3;1": {"start_time": 1658276551.376256, "stop_time": 1658276560.4138393}, "23;0;1": {"start_time": 1658276560.4148505, "stop_time": 1658276560.4574752}, "23;1;1": {"start_time": 1658276560.4583218, "stop_time": 1658276560.595958}, "23;2;1": {"start_time": 1658276560.59664, "stop_time": 1658276560.8965788}, "23;3;1": {"start_time": 1658276560.8973095, "stop_time": 1658276569.9763768}, "22;0;1": {"start_time": 1658276569.9771428, "stop_time": 1658276570.015386}, "22;1;1": {"start_time": 1658276570.0161588, "stop_time": 1658276570.1141531}, "22;2;1": {"start_time": 1658276570.1148295, "stop_time": 1658276570.421596}, "22;3;1": {"start_time": 1658276570.4223442, "stop_time": 1658276579.8164644}, "21;0;1": {"start_time": 1658276579.8172069, "stop_time": 1658276579.8548186}, "21;1;1": {"start_time": 1658276579.8555207, "stop_time": 1658276579.9802368}, "21;2;1": {"start_time": 1658276579.9808998, "stop_time": 1658276580.2913213}, "21;3;1": {"start_time": 1658276580.2920864, "stop_time": 1658276590.6885657}, "20;0;1": {"start_time": 1658276590.6894848, "stop_time": 1658276590.7406073}, "20;1;1": {"start_time": 1658276590.741458, "stop_time": 1658276590.909552}, "20;2;1": {"start_time": 1658276590.9102151, "stop_time": 1658276591.2452147}, "20;3;1": {"start_time": 1658276591.2458906, "stop_time": 1658276601.7283273}, "19;0;1": {"start_time": 1658276601.72918, "stop_time": 1658276601.7673028}, "19;1;1": {"start_time": 1658276601.7681324, "stop_time": 1658276601.9357584}, "19;2;1": {"start_time": 1658276601.936395, "stop_time": 1658276602.2932136}, "19;3;1": {"start_time": 1658276602.2938554, "stop_time": 1658276612.8598275}, "18;0;1": {"start_time": 1658276612.8605752, "stop_time": 1658276612.9038346}, "18;1;1": {"start_time": 1658276612.9045289, "stop_time": 1658276613.030734}, "18;2;1": {"start_time": 1658276613.0314314, "stop_time": 1658276613.3970954}, "18;3;1": {"start_time": 1658276613.3977168, "stop_time": 1658276625.2334754}, "17;0;1": {"start_time": 1658276625.234125, "stop_time": 1658276625.283438}, "17;1;1": {"start_time": 1658276625.2841334, "stop_time": 1658276625.4102468}, "17;2;1": {"start_time": 1658276625.4108932, "stop_time": 1658276625.7786484}, "17;3;1": {"start_time": 1658276625.7793472, "stop_time": 1658276637.5793397}, "16;0;1": {"start_time": 1658276637.5800078, "stop_time": 1658276637.614764}, "16;1;1": {"start_time": 1658276637.6154726, "stop_time": 1658276637.741056}, "16;2;1": {"start_time": 1658276637.7416775, "stop_time": 1658276638.107413}, "16;3;1": {"start_time": 1658276638.1081116, "stop_time": 1658276649.8717315}, "15;0;1": {"start_time": 1658276649.8724241, "stop_time": 1658276649.9206858}, "15;1;1": {"start_time": 1658276649.921377, "stop_time": 1658276650.0740495}, "15;2;1": {"start_time": 1658276650.0746772, "stop_time": 1658276650.492726}, "15;3;1": {"start_time": 1658276650.4935663, "stop_time": 1658276663.4097831}, "14;0;1": {"start_time": 1658276663.4108098, "stop_time": 1658276663.459582}, "14;1;1": {"start_time": 1658276663.4602737, "stop_time": 1658276663.6145604}, "14;2;1": {"start_time": 1658276663.6152573, "stop_time": 1658276664.0435853}, "14;3;1": {"start_time": 1658276664.0442832, "stop_time": 1658276678.2900982}, "13;0;1": {"start_time": 1658276678.2907088, "stop_time": 1658276678.3396049}, "13;1;1": {"start_time": 1658276678.34029, "stop_time": 1658276678.495402}, "13;2;1": {"start_time": 1658276678.4960957, "stop_time": 1658276678.973768}, "13;3;1": {"start_time": 1658276678.9744484, "stop_time": 1658276693.0433252}, "12;0;1": {"start_time": 1658276693.0439823, "stop_time": 1658276693.0933328}, "12;1;1": {"start_time": 1658276693.094015, "stop_time": 1658276693.2760165}, "12;2;1": {"start_time": 1658276693.2766361, "stop_time": 1658276693.7621653}, "12;3;1": {"start_time": 1658276693.7628195, "stop_time": 1658276709.2233055}, "11;0;1": {"start_time": 1658276709.2245944, "stop_time": 1658276709.277249}, "11;1;1": {"start_time": 1658276709.2780116, "stop_time": 1658276709.463986}, "11;2;1": {"start_time": 1658276709.4646652, "stop_time": 1658276710.0098345}, "11;3;1": {"start_time": 1658276710.0105176, "stop_time": 1658276726.2307093}, "10;0;1": {"start_time": 1658276726.23136, "stop_time": 1658276726.2928176}, "10;1;1": {"start_time": 1658276726.2934823, "stop_time": 1658276726.5045085}, "10;2;1": {"start_time": 1658276726.5052347, "stop_time": 1658276727.096416}, "10;3;1": {"start_time": 1658276727.0971103,