{"config": {"pkg": "./swaptions-pthreads", "execdate": "10-06-2022_18:57:58", "command": "pascalanalyzer -c 1:32 --ipts -ns 32 -sm 10000 -nt __nt__,-ns 64 -sm 20000 -nt __nt__,-ns 96 -sm 40000 -nt __nt__,-ns 128 -sm 1000000 -nt __nt__ ./swaptions-pthreads -o swaptions-pthreads.json", "hostname": "service0", "kernel": "Linux-4.4.250-x86_64-with-centos-6.5-Final", "disable_hyperthread": false, "auto_instrumentation": false, "idle_time": 0, "data_descriptor": {"values": ["start_time", "stop_time"], "keys": ["cores", "input", "repetitions"]}, "disable_cores": false, "discard_ompnt": true, "arguments": ["-ns 32 -sm 10000 -nt __nt__", "-ns 96 -sm 40000 -nt __nt__", "-ns 64 -sm 20000 -nt __nt__", "-ns 128 -sm 1000000 -nt __nt__"]}, "data": {"32;0;1": {"start_time": 1654898278.767208, "stop_time": 1654898278.8954878}, "32;1;1": {"start_time": 1654898278.8967702, "stop_time": 1654898279.4173949}, "32;2;1": {"start_time": 1654898279.4187155, "stop_time": 1654898280.5644267}, "32;3;1": {"start_time": 1654898280.565605, "stop_time": 1654898300.9235847}, "31;0;1": {"start_time": 1654898300.9249363, "stop_time": 1654898301.2886112}, "31;1;1": {"start_time": 1654898301.2897933, "stop_time": 1654898301.7839627}, "31;2;1": {"start_time": 1654898301.7851617, "stop_time": 1654898303.1436825}, "31;3;1": {"start_time": 1654898303.145079, "stop_time": 1654898324.998542}, "30;0;1": {"start_time": 1654898324.999964, "stop_time": 1654898325.4453468}, "30;1;1": {"start_time": 1654898325.4467497, "stop_time": 1654898325.9540105}, "30;2;1": {"start_time": 1654898325.9553423, "stop_time": 1654898327.4946232}, "30;3;1": {"start_time": 1654898327.4959517, "stop_time": 1654898348.6015513}, "29;0;1": {"start_time": 1654898348.6029556, "stop_time": 1654898348.808588}, "29;1;1": {"start_time": 1654898348.8099208, "stop_time": 1654898349.5165558}, "29;2;1": {"start_time": 1654898349.5177999, "stop_time": 1654898350.3782425}, "29;3;1": {"start_time": 1654898350.3796961, "stop_time": 1654898371.8290243}, "28;0;1": {"start_time": 1654898371.8333993, "stop_time": 1654898372.157189}, "28;1;1": {"start_time": 1654898372.1585257, "stop_time": 1654898372.685791}, "28;2;1": {"start_time": 1654898372.6871915, "stop_time": 1654898373.8921664}, "28;3;1": {"start_time": 1654898373.8934355, "stop_time": 1654898394.6324346}, "27;0;1": {"start_time": 1654898394.6336594, "stop_time": 1654898394.9392188}, "27;1;1": {"start_time": 1654898394.940423, "stop_time": 1654898395.4427168}, "27;2;1": {"start_time": 1654898395.4440024, "stop_time": 1654898396.3190925}, "27;3;1": {"start_time": 1654898396.3203382, "stop_time": 1654898417.0165253}, "26;0;1": {"start_time": 1654898417.017987, "stop_time": 1654898417.1875863}, "26;1;1": {"start_time": 1654898417.1885695, "stop_time": 1654898417.9261742}, "26;2;1": {"start_time": 1654898417.9275405, "stop_time": 1654898418.9659886}, "26;3;1": {"start_time": 1654898418.967375, "stop_time": 1654898439.4098585}, "25;0;1": {"start_time": 1654898439.4113739, "stop_time": 1654898439.7135692}, "25;1;1": {"start_time": 1654898439.7148972, "stop_time": 1654898440.3083212}, "25;2;1": {"start_time": 1654898440.309627, "stop_time": 1654898441.6213167}, "25;3;1": {"start_time": 1654898441.6227658, "stop_time": 1654898462.77264}, "24;0;1": {"start_time": 1654898462.7740006, "stop_time": 1654898463.069905}, "24;1;1": {"start_time": 1654898463.0712566, "stop_time": 1654898463.6531587}, "24;2;1": {"start_time": 1654898463.6543941, "stop_time": 1654898465.0263953}, "24;3;1": {"start_time": 1654898465.0276153, "stop_time": 1654898485.7941234}, "23;0;1": {"start_time": 1654898485.7954721, "stop_time": 1654898486.2184312}, "23;1;1": {"start_time": 1654898486.2196398, "stop_time": 1654898486.8257945}, "23;2;1": {"start_time": 1654898486.8270507, "stop_time": 1654898488.201644}, "23;3;1": {"start_time": 1654898488.2029593, "stop_time": 1654898509.210927}, "22;0;1": {"start_time": 1654898509.2122824, "stop_time": 1654898509.6941872}, "22;1;1": {"start_time": 1654898509.6955502, "stop_time": 1654898510.1055822}, "22;2;1": {"start_time": 1654898510.1070614, "stop_time": 1654898511.1271496}, "22;3;1": {"start_time": 1654898511.1286037, "stop_time": 1654898532.5035338}, "21;0;1": {"start_time": 1654898532.5048528, "stop_time": 1654898533.0187438}, "21;1;1": {"start_time": 1654898533.0199482, "stop_time": 1654898533.4594855}, "21;2;1": {"start_time": 1654898533.4606996, "stop_time": 1654898534.8590777}, "21;3;1": {"start_time": 1654898534.8604324, "stop_time": 1654898556.748356}, "20;0;1": {"start_time": 1654898556.7497385, "stop_time": 1654898557.1476603}, "20;1;1": {"start_time": 1654898557.1489956, "stop_time": 1654898558.093741}, "20;2;1": {"start_time": 1654898558.0950592, "stop_time": 1654898559.4816394}, "20;3;1": {"start_time": 1654898559.4829907, "stop_time": 1654898583.1885326}, "19;0;1": {"start_time": 1654898583.1899376, "stop_time": 1654898583.522482}, "19;1;1": {"start_time": 1654898583.5238545, "stop_time": 1654898584.0633466}, "19;2;1": {"start_time": 1654898584.064708, "stop_time": 1654898585.287114}, "19;3;1": {"start_time": 1654898585.2884696, "stop_time": 1654898609.180139}, "18;0;1": {"start_time": 1654898609.1815395, "stop_time": 1654898609.6683757}, "18;1;1": {"start_time": 1654898609.6697273, "stop_time": 1654898610.196876}, "18;2;1": {"start_time": 1654898610.198336, "stop_time": 1654898611.569837}, "18;3;1": {"start_time": 1654898611.5713198, "stop_time": 1654898636.0256424}, "17;0;1": {"start_time": 1654898636.0270128, "stop_time": 1654898636.371644}, "17;1;1": {"start_time": 1654898636.3729892, "stop_time": 1654898636.8700514}, "17;2;1": {"start_time": 1654898636.8714323, "stop_time": 1654898638.0060327}, "17;3;1": {"start_time": 1654898638.0074532, "stop_time": 1654898663.0472252}, "16;0;1": {"start_time": 1654898663.0486877, "stop_time": 1654898663.340402}, "16;1;1": {"start_time": 1654898663.3415878, "stop_time": 1654898663.8869722}, "16;2;1": {"start_time": 1654898663.8882558, "stop_time": 1654898665.1036198}, "16;3;1": {"start_time": 1654898665.104909, "stop_time": 1654898691.5356538}, "15;0;1": {"start_time": 1654898691.5368896, "stop_time": 1654898692.0425584}, "15;1;1": {"start_time": 1654898692.0437975, "stop_time": 1654898693.0270972}, "15;2;1": {"start_time": 1654898693.0282974, "stop_time": 1654898694.3619847}, "15;3;1": {"start_time": 1654898694.3633578, "stop_time": 1654898722.5646794}, "14;0;1": {"start_time": 1654898722.5661516, "stop_time": 1654898722.893935}, "14;1;1": {"start_time": 1654898722.89529, "stop_time": 1654898723.527904}, "14;2;1": {"start_time": 1654898723.5293772, "stop_time": 1654898724.6637702}, "14;3;1": {"start_time": 1654898724.6652021, "stop_time": 1654898754.8555222}, "13;0;1": {"start_time": 1654898754.8570166, "stop_time": 1654898755.3499236}, "13;1;1": {"start_time": 1654898755.3512795, "stop_time": 1654898756.711021}, "13;2;1": {"start_time": 1654898756.7123728, "stop_time": 1654898758.380541}, "13;3;1": {"start_time": 1654898758.3819053, "stop_time": 1654898790.0773027}, "12;0;1": {"start_time": 1654898790.0787592, "stop_time": 1654898790.4604917}, "12;1;1": {"start_time": 1654898790.4618597, "stop_time": 1654898791.0450587}, "12;2;1": {"start_time": 1654898791.046462, "stop_time": 1654898792.4957442}, "12;3;1": {"start_time": 1654898792.4971454, "stop_time": 1654898818.58075}, "11;0;1": {"start_time": 1654898818.5820916, "stop_time": 1654898818.7505229}, "11;1;1": {"start_time": 1654898818.7518697, "stop_time": 1654898819.545419}, "11;2;1": {"start_time": 1654898819.546777, "stop_time": 1654898820.8517718}, "11;3;1": {"start_time": 1654898820.8532114, "stop_time": 1654898849.2710404}, "10;0;1": {"start_time": 1654898849.2725503, "stop_time": 1654898849.6597278}, "10;1;1": {"start_time": 1654898849.6610785, "stop_time": 1654898850.3649867}, "10;2;1": {"start_time": 1654898850.3665001, "stop_time": 1654898851.5757382}, "10;3;1": {"start_time": 1654898851.5770779, "stop_time": 1654898882.042307},