{"config": {"pkg": "./swaptions-pthreads", "execdate": "20-07-2022_12:14:58", "command": "pascalanalyzer -c 1:32 --ipts -ns 32 -sm 10000 -nt __nt__,-ns 64 -sm 20000 -nt __nt__,-ns 96 -sm 40000 -nt __nt__,-ns 128 -sm 1000000 -nt __nt__ ./swaptions-pthreads -o swaptions-pthreads.json", "hostname": "r1i1n4", "kernel": "Linux-4.18.0-348.2.1.el8_5.x86_64-x86_64-with-centos-8.5-Green_Obsidian", "disable_hyperthread": false, "auto_instrumentation": false, "idle_time": 0, "data_descriptor": {"values": ["start_time", "stop_time"], "keys": ["cores", "input", "repetitions"]}, "disable_cores": false, "discard_ompnt": true, "arguments": ["-ns 128 -sm 1000000 -nt __nt__", "-ns 32 -sm 10000 -nt __nt__", "-ns 64 -sm 20000 -nt __nt__", "-ns 96 -sm 40000 -nt __nt__"]}, "data": {"32;0;1": {"start_time": 1658330098.2104855, "stop_time": 1658330098.5084646}, "32;1;1": {"start_time": 1658330098.5094697, "stop_time": 1658330098.6229005}, "32;2;1": {"start_time": 1658330098.6235871, "stop_time": 1658330098.8807032}, "32;3;1": {"start_time": 1658330098.8813891, "stop_time": 1658330105.61072}, "31;0;1": {"start_time": 1658330106.0276961, "stop_time": 1658330106.3255897}, "31;1;1": {"start_time": 1658330106.3264484, "stop_time": 1658330106.43166}, "31;2;1": {"start_time": 1658330106.4324799, "stop_time": 1658330106.7780516}, "31;3;1": {"start_time": 1658330106.7786903, "stop_time": 1658330114.1385734}, "30;0;1": {"start_time": 1658330114.1392906, "stop_time": 1658330114.2546148}, "30;1;1": {"start_time": 1658330114.2553575, "stop_time": 1658330114.6177592}, "30;2;1": {"start_time": 1658330114.6184754, "stop_time": 1658330115.2268214}, "30;3;1": {"start_time": 1658330115.2274914, "stop_time": 1658330122.6603181}, "29;0;1": {"start_time": 1658330122.6609976, "stop_time": 1658330123.2786827}, "29;1;1": {"start_time": 1658330123.2794764, "stop_time": 1658330123.461418}, "29;2;1": {"start_time": 1658330123.4622777, "stop_time": 1658330124.1210043}, "29;3;1": {"start_time": 1658330124.1216993, "stop_time": 1658330131.8935213}, "28;0;1": {"start_time": 1658330131.8941796, "stop_time": 1658330132.1142678}, "28;1;1": {"start_time": 1658330132.115073, "stop_time": 1658330132.2414224}, "28;2;1": {"start_time": 1658330132.242119, "stop_time": 1658330132.6386948}, "28;3;1": {"start_time": 1658330132.6393838, "stop_time": 1658330140.5589314}, "27;0;1": {"start_time": 1658330140.5595891, "stop_time": 1658330140.8591192}, "27;1;1": {"start_time": 1658330140.8599029, "stop_time": 1658330141.3416748}, "27;2;1": {"start_time": 1658330141.3424091, "stop_time": 1658330141.8445163}, "27;3;1": {"start_time": 1658330141.8454175, "stop_time": 1658330149.7165225}, "26;0;1": {"start_time": 1658330149.7171445, "stop_time": 1658330149.8715916}, "26;1;1": {"start_time": 1658330149.8723922, "stop_time": 1658330150.0146945}, "26;2;1": {"start_time": 1658330150.0153506, "stop_time": 1658330150.28266}, "26;3;1": {"start_time": 1658330150.2833614, "stop_time": 1658330158.0662003}, "25;0;1": {"start_time": 1658330158.0667942, "stop_time": 1658330158.1807542}, "25;1;1": {"start_time": 1658330158.1814628, "stop_time": 1658330158.3121998}, "25;2;1": {"start_time": 1658330158.3127925, "stop_time": 1658330158.999567}, "25;3;1": {"start_time": 1658330159.0001993, "stop_time": 1658330168.0909894}, "24;0;1": {"start_time": 1658330168.091589, "stop_time": 1658330169.8044734}, "24;1;1": {"start_time": 1658330169.805298, "stop_time": 1658330170.1367655}, "24;2;1": {"start_time": 1658330170.137518, "stop_time": 1658330170.6125143}, "24;3;1": {"start_time": 1658330170.6131778, "stop_time": 1658330179.836275}, "23;0;1": {"start_time": 1658330179.8369012, "stop_time": 1658330180.5190754}, "23;1;1": {"start_time": 1658330180.5198214, "stop_time": 1658330180.6932008}, "23;2;1": {"start_time": 1658330180.6938415, "stop_time": 1658330181.0968108}, "23;3;1": {"start_time": 1658330181.0974543, "stop_time": 1658330190.288384}, "22;0;1": {"start_time": 1658330190.2890148, "stop_time": 1658330191.1740046}, "22;1;1": {"start_time": 1658330191.1747582, "stop_time": 1658330191.340838}, "22;2;1": {"start_time": 1658330191.34157, "stop_time": 1658330191.7401762}, "22;3;1": {"start_time": 1658330191.740773, "stop_time": 1658330201.6841564}, "21;0;1": {"start_time": 1658330201.6847584, "stop_time": 1658330201.7785583}, "21;1;1": {"start_time": 1658330201.7792857, "stop_time": 1658330201.9214807}, "21;2;1": {"start_time": 1658330201.9221606, "stop_time": 1658330202.3373735}, "21;3;1": {"start_time": 1658330202.3380954, "stop_time": 1658330212.736739}, "20;0;1": {"start_time": 1658330212.73742, "stop_time": 1658330212.918414}, "20;1;1": {"start_time": 1658330212.9191844, "stop_time": 1658330213.2436955}, "20;2;1": {"start_time": 1658330213.244466, "stop_time": 1658330215.074896}, "20;3;1": {"start_time": 1658330215.0755541, "stop_time": 1658330225.9144347}, "19;0;1": {"start_time": 1658330225.9151127, "stop_time": 1658330225.9939523}, "19;1;1": {"start_time": 1658330225.994639, "stop_time": 1658330226.1414802}, "19;2;1": {"start_time": 1658330226.1422067, "stop_time": 1658330226.7243345}, "19;3;1": {"start_time": 1658330226.7250319, "stop_time": 1658330237.3264043}, "18;0;1": {"start_time": 1658330237.3270876, "stop_time": 1658330237.4015625}, "18;1;1": {"start_time": 1658330237.4022758, "stop_time": 1658330237.5443027}, "18;2;1": {"start_time": 1658330237.544985, "stop_time": 1658330237.995743}, "18;3;1": {"start_time": 1658330237.9964356, "stop_time": 1658330250.016629}, "17;0;1": {"start_time": 1658330250.2729847, "stop_time": 1658330250.3353982}, "17;1;1": {"start_time": 1658330250.3362842, "stop_time": 1658330250.5658665}, "17;2;1": {"start_time": 1658330250.5666122, "stop_time": 1658330251.019358}, "17;3;1": {"start_time": 1658330251.0200486, "stop_time": 1658330263.174072}, "16;0;1": {"start_time": 1658330263.1747406, "stop_time": 1658330263.8683228}, "16;1;1": {"start_time": 1658330263.8691761, "stop_time": 1658330264.2527242}, "16;2;1": {"start_time": 1658330264.253481, "stop_time": 1658330264.6735463}, "16;3;1": {"start_time": 1658330264.6742687, "stop_time": 1658330277.2466896}, "15;0;1": {"start_time": 1658330277.2474988, "stop_time": 1658330277.3387482}, "15;1;1": {"start_time": 1658330277.3395889, "stop_time": 1658330277.49408}, "15;2;1": {"start_time": 1658330277.494759, "stop_time": 1658330278.1254082}, "15;3;1": {"start_time": 1658330278.1260934, "stop_time": 1658330291.4013746}, "14;0;1": {"start_time": 1658330291.4020424, "stop_time": 1658330291.8171914}, "14;1;1": {"start_time": 1658330291.8179786, "stop_time": 1658330291.9798603}, "14;2;1": {"start_time": 1658330291.9805791, "stop_time": 1658330292.72926}, "14;3;1": {"start_time": 1658330292.729922, "stop_time": 1658330306.7591069}, "13;0;1": {"start_time": 1658330306.7597554, "stop_time": 1658330306.8889763}, "13;1;1": {"start_time": 1658330306.8896658, "stop_time": 1658330307.357292}, "13;2;1": {"start_time": 1658330307.3579957, "stop_time": 1658330308.0326896}, "13;3;1": {"start_time": 1658330308.0334082, "stop_time": 1658330322.216382}, "12;0;1": {"start_time": 1658330322.217043, "stop_time": 1658330322.6174688}, "12;1;1": {"start_time": 1658330322.61831, "stop_time": 1658330322.9473975}, "12;2;1": {"start_time": 1658330322.9480793, "stop_time": 1658330323.4394555}, "12;3;1": {"start_time": 1658330323.4401746, "stop_time": 1658330339.4307098}, "11;0;1": {"start_time": 1658330339.4315503, "stop_time": 1658330339.6131878}, "11;1;1": {"start_time": 1658330339.6139753, "stop_time": 1658330340.1692243}, "11;2;1": {"start_time": 1658330340.169895, "stop_time": 1658330340.7983885}, "11;3;1": {"start_time": 1658330340.7990806, "stop_time": 1658330357.2449577}, "10;0;1": {"start_time": 1658330357.2456079, "stop_time": 1658330357.458505}, "10;1;1": {"start_time": 1658330357.4592707, "stop_time": 1658330357.7201364}, "10;2;1": {"start_time": 1658330357.7207766, "stop_time": 1658330359.8829443}, "10;3;1": {"start_time": 1658330359.8836403, "stop_time": 1658330377.737973},